Accession,Organism_Name,GenBank_RefSeq,Assembly,SRA_Accession,Submitters,Organization,Org_location,Release_Date,Isolate,Species,Genus,Family,Molecule_type,Length,Nuc_Completeness,Genotype,Segment,Publications,Geo_Location,Country,USA,Host,Tissue_Specimen_Source,Collection_Date,BioSample,BioProject,GenBank_Title
LC718247.1,Influenza A virus,GenBank,GCA_039285535.1,,"Soda,K., Ito,H., Usui,T., Yamaguchi,T., Ito,T.","Avian Zoonosis Research Center, Faculty of Agriculture; 4-101 Koyama-cho Minami, Tottori, Tottori 6808533",Japan,2023-01-07,,Alphainfluenzavirus influenzae,Alphainfluenzavirus,Orthomyxoviridae,ssRNA(-),2332,partial,H5N1,1,,Japan: Iwate,Japan,,Corvus macrorhynchos,,2022-04-06,,,"Influenza A virus (A/jungle crow/Iwate/0304I001/2022(H5N1)) viral cRNA, segment 1, complete sequence"
LC718248.1,Influenza A virus,GenBank,GCA_039285535.1,,"Soda,K., Ito,H., Usui,T., Yamaguchi,T., Ito,T.","Avian Zoonosis Research Center, Faculty of Agriculture; 4-101 Koyama-cho Minami, Tottori, Tottori 6808533",Japan,2023-01-07,,Alphainfluenzavirus influenzae,Alphainfluenzavirus,Orthomyxoviridae,ssRNA(-),2333,partial,H5N1,2,,Japan: Iwate,Japan,,Corvus macrorhynchos,,2022-04-06,,,"Influenza A virus (A/jungle crow/Iwate/0304I001/2022(H5N1)) viral cRNA, segment 2, complete sequence"
LC718249.1,Influenza A virus,GenBank,GCA_039285535.1,,"Soda,K., Ito,H., Usui,T., Yamaguchi,T., Ito,T.","Avian Zoonosis Research Center, Faculty of Agriculture; 4-101 Koyama-cho Minami, Tottori, Tottori 6808533",Japan,2023-01-07,,Alphainfluenzavirus influenzae,Alphainfluenzavirus,Orthomyxoviridae,ssRNA(-),2226,partial,H5N1,3,,Japan: Iwate,Japan,,Corvus macrorhynchos,,2022-04-06,,,"Influenza A virus (A/jungle crow/Iwate/0304I001/2022(H5N1)) viral cRNA, segment 3, complete sequence"
LC718250.1,Influenza A virus,GenBank,GCA_039285535.1,,"Soda,K., Ito,H., Usui,T., Yamaguchi,T., Ito,T.","Avian Zoonosis Research Center, Faculty of Agriculture; 4-101 Koyama-cho Minami, Tottori, Tottori 6808533",Japan,2023-01-07,,Alphainfluenzavirus influenzae,Alphainfluenzavirus,Orthomyxoviridae,ssRNA(-),1770,partial,H5N1,4,,Japan: Iwate,Japan,,Corvus macrorhynchos,,2022-04-06,,,"Influenza A virus (A/jungle crow/Iwate/0304I001/2022(H5N1)) viral cRNA, segment 4, complete sequence"
LC718251.1,Influenza A virus,GenBank,GCA_039285535.1,,"Soda,K., Ito,H., Usui,T., Yamaguchi,T., Ito,T.","Avian Zoonosis Research Center, Faculty of Agriculture; 4-101 Koyama-cho Minami, Tottori, Tottori 6808533",Japan,2023-01-07,,Alphainfluenzavirus influenzae,Alphainfluenzavirus,Orthomyxoviridae,ssRNA(-),1559,partial,H5N1,5,,Japan: Iwate,Japan,,Corvus macrorhynchos,,2022-04-06,,,"Influenza A virus (A/jungle crow/Iwate/0304I001/2022(H5N1)) viral cRNA, segment 5, complete sequence"
LC718252.1,Influenza A virus,GenBank,GCA_039285535.1,,"Soda,K., Ito,H., Usui,T., Yamaguchi,T., Ito,T.","Avian Zoonosis Research Center, Faculty of Agriculture; 4-101 Koyama-cho Minami, Tottori, Tottori 6808533",Japan,2023-01-07,,Alphainfluenzavirus influenzae,Alphainfluenzavirus,Orthomyxoviridae,ssRNA(-),1449,partial,H5N1,6,,Japan: Iwate,Japan,,Corvus macrorhynchos,,2022-04-06,,,"Influenza A virus (A/jungle crow/Iwate/0304I001/2022(H5N1)) viral cRNA, segment 6, complete sequence"
LC718253.1,Influenza A virus,GenBank,GCA_039285535.1,,"Soda,K., Ito,H., Usui,T., Yamaguchi,T., Ito,T.","Avian Zoonosis Research Center, Faculty of Agriculture; 4-101 Koyama-cho Minami, Tottori, Tottori 6808533",Japan,2023-01-07,,Alphainfluenzavirus influenzae,Alphainfluenzavirus,Orthomyxoviridae,ssRNA(-),1022,partial,H5N1,7,,Japan: Iwate,Japan,,Corvus macrorhynchos,,2022-04-06,,,"Influenza A virus (A/jungle crow/Iwate/0304I001/2022(H5N1)) viral cRNA, segment 7, complete sequence"
LC718254.1,Influenza A virus,GenBank,GCA_039285535.1,,"Soda,K., Ito,H., Usui,T., Yamaguchi,T., Ito,T.","Avian Zoonosis Research Center, Faculty of Agriculture; 4-101 Koyama-cho Minami, Tottori, Tottori 6808533",Japan,2023-01-07,,Alphainfluenzavirus influenzae,Alphainfluenzavirus,Orthomyxoviridae,ssRNA(-),881,partial,H5N1,8,,Japan: Iwate,Japan,,Corvus macrorhynchos,,2022-04-06,,,"Influenza A virus (A/jungle crow/Iwate/0304I001/2022(H5N1)) viral cRNA, segment 8, complete sequence"
