Biosample Accession (SAMN),Nucleotide Accession
SAMN46706118,No sequence found
SAMN46923555,No sequence found
SAMN46923551,No sequence found
SAMN46200751,PV161627
SAMN46200751,PV161626
SAMN46200751,PV161625
SAMN46200751,PV161624
SAMN46200751,PV161623
SAMN46200751,PV161622
SAMN46200751,PV161621
SAMN46200751,PV161620
SAMN46069846,PV070753
SAMN46069846,PV070752
SAMN46069846,PV070751
SAMN46069846,PV070750
SAMN46069846,PV070749
SAMN46069846,PV070748
SAMN46069846,PV070747
SAMN46069846,PV070746
SAMN46069826,PV072337
SAMN46069826,PV072336
SAMN46069826,PV072335
SAMN46069826,PV072334
SAMN46069826,PV072333
SAMN46069826,PV072332
SAMN46069826,PV072331
SAMN46069826,PV072330
SAMN45148617,No sequence found
SAMN46922971,No sequence found
SAMN46369450,PV162315
SAMN46369450,PV162314
SAMN46369450,PV162313
SAMN46369450,PV162312
SAMN46369450,PV162311
SAMN46369450,PV162310
SAMN46369450,PV162309
SAMN46369450,PV162308
SAMN46069822,PV071089
SAMN46069822,PV071088
SAMN46069822,PV071087
SAMN46069822,PV071086
SAMN46069822,PV071085
SAMN46069822,PV071084
SAMN46069822,PV071083
SAMN46069822,PV071082
SAMN46069824,PV072393
SAMN46069824,PV072392
SAMN46069824,PV072391
SAMN46069824,PV072390
SAMN46069824,PV072389
SAMN46069824,PV072388
SAMN46069824,PV072387
SAMN46069824,PV072386
SAMN46133622,PQ892594
SAMN46133622,PQ892593
SAMN46133622,PQ892592
SAMN46133622,PQ892591
SAMN46133622,PQ892590
SAMN46133622,PQ892589
SAMN46133622,PQ892588
SAMN46133622,PQ892587
SAMN44493027,PQ664429
SAMN44493027,PQ664428
SAMN44493027,PQ664427
SAMN44493027,PQ664426
SAMN44493027,PQ664425
SAMN44493027,PQ664424
SAMN44493027,PQ664423
SAMN44493027,PQ664422
SAMN44493028,PQ664437
SAMN44493028,PQ664436
SAMN44493028,PQ664435
SAMN44493028,PQ664434
SAMN44493028,PQ664433
SAMN44493028,PQ664432
SAMN44493028,PQ664431
SAMN44493028,PQ664430
SAMN47131055,No sequence found
SAMN46923650,No sequence found
SAMN46923519,No sequence found
SAMN45148607,No sequence found
SAMN47130973,No sequence found
SAMN45128756,PQ798053
SAMN45128756,PQ798052
SAMN45128756,PQ798051
SAMN45128756,PQ798050
SAMN45128756,PQ798049
SAMN45128756,PQ798048
SAMN45128756,PQ798047
SAMN45128756,PQ798046
SAMN45128755,PQ798045
SAMN45128755,PQ798044
SAMN45128755,PQ798043
SAMN45128755,PQ798042
SAMN45128755,PQ798041
SAMN45128755,PQ798040
SAMN45128755,PQ798039
SAMN45128755,PQ798038
SAMN46706145,No sequence found
SAMN47131032,No sequence found
SAMN45952789,PV060501
SAMN45952789,PV060500
SAMN45952789,PV060499
SAMN45952789,PV060498
SAMN45952789,PV060497
SAMN45952789,PV060496
SAMN45952789,PV060495
SAMN45952789,PV060494
SAMN44727527,PQ797981
SAMN44727527,PQ797980
SAMN44727527,PQ797979
SAMN44727527,PQ797978
SAMN44727527,PQ797977
SAMN44727527,PQ797976
SAMN44727527,PQ797975
SAMN44727527,PQ797974
SAMN44727526,PQ797973
SAMN44727526,PQ797972
SAMN44727526,PQ797971
SAMN44727526,PQ797970
SAMN44727526,PQ797969
SAMN44727526,PQ797968
SAMN44727526,PQ797967
SAMN44727526,PQ797966
SAMN44727529,PQ797997
SAMN44727529,PQ797996
SAMN44727529,PQ797995
SAMN44727529,PQ797994
SAMN44727529,PQ797993
SAMN44727529,PQ797992
SAMN44727529,PQ797991
SAMN44727529,PQ797990
SAMN44727528,PQ797989
SAMN44727528,PQ797988
SAMN44727528,PQ797987
SAMN44727528,PQ797986
SAMN44727528,PQ797985
SAMN44727528,PQ797984
SAMN44727528,PQ797983
SAMN44727528,PQ797982
SAMN44727532,PQ798005
SAMN44727532,PQ798004
SAMN44727532,PQ798003
SAMN44727532,PQ798002
SAMN44727532,PQ798001
SAMN44727532,PQ798000
SAMN44727532,PQ797999
SAMN44727532,PQ797998
SAMN44727534,PQ798021
SAMN44727534,PQ798020
SAMN44727534,PQ798019
SAMN44727534,PQ798018
SAMN44727534,PQ798017
SAMN44727534,PQ798016
SAMN44727534,PQ798015
SAMN44727534,PQ798014
SAMN44727533,PQ798013
SAMN44727533,PQ798012
SAMN44727533,PQ798011
SAMN44727533,PQ798010
SAMN44727533,PQ798009
SAMN44727533,PQ798008
SAMN44727533,PQ798007
SAMN44727533,PQ798006
SAMN44727535,PQ798029
SAMN44727535,PQ798028
SAMN44727535,PQ798027
SAMN44727535,PQ798026
SAMN44727535,PQ798025
SAMN44727535,PQ798024
SAMN44727535,PQ798023
SAMN44727535,PQ798022
